CodigoArea,NomeCurso
01,"Ciência da educação"
01,"Processos escolares"
01,"Psicopedagogia"
01,"Educação infantil formação de professor"
01,"Educação do campo formação de professor"
01,"Educação especial formação de professor"
01,"Educação indígena formação de professor"
01,"Formação pedagógica de professor para a educação básica"
01,"Pedagogia"
01,"Artes formação de professor"
01,"Artes visuais formação de professor"
01,"Biologia formação de professor"
01,"Ciências agrárias formação de professor"
01,"Ciências naturais formação de professor"
01,"Ciências sociais formação de professor"
01,"Cinema e audiovisual formação de professor"
01,"Computação formação de professor"
01,"Dança formação de professor"
01,"Economia doméstica formação de professor"
01,"Educação do campo em áreas de conhecimento da educação básica formação de professor"
01,"Educação física formação de professor"
01,"Educação indígena em áreas de conhecimento da educação básica formação de professor"
01,"Enfermagem formação de professor"
01,"Ensino profissionalizante em área específica formação de professor"
01,"Ensino religioso formação de professor"
01,"Estatística formação de professor"
01,"Filosofia formação de professor"
01,"Física formação de professor"
01,"Geografia formação de professor"
01,"História formação de professor"
01,"Matemática formação de professor"
01,"Música formação de professor"
01,"Psicologia formação de professor"
01,"Química formação de professor"
01,"Teatro formação de professor"
01,"Letras alemão formação de professor"
01,"Letras espanhol formação de professor"
01,"Letras francês formação de professor"
01,"Letras inglês formação de professor"
01,"Letras italiano formação de professor"
01,"Letras japonês formação de professor"
01,"Letras língua brasileira de sinais formação de professor"
01,"Letras línguas estrangeiras clássicas formação de professor"
01,"Letras linguística formação de professor"
01,"Letras outras línguas estrangeiras modernas formação de professor"
01,"Letras português alemão formação de professor"
01,"Letras português espanhol formação de professor"
01,"Letras português formação de professor"
01,"Letras português francês formação de professor"
01,"Letras português inglês formação de professor"
01,"Letras português italiano formação de professor"
01,"Letras português japonês formação de professor"
01,"Letras português língua brasileira de sinais formação de professor"
01,"Letras português línguas estrangeiras clássicas formação de professor"
01,"Letras português outras línguas estrangeiras modernas formação de professor"
01,"Letras tradutor e intérprete formação de professor"
01,"Programas interdisciplinares abrangendo educação"
02,"Animação"
02,"Cinema e audiovisual"
02,"Comunicação assistiva"
02,"Design gráfico"
02,"Fotografia"
02,"Produção audiovisual"
02,"Produção cênica"
02,"Produção cultural"
02,"Produção fonográfica"
02,"Produção multimídia"
02,"Desenho industrial"
02,"Design"
02,"Design de interiores"
02,"Design de produto"
02,"Moda"
02,"Artes"
02,"Artes plásticas"
02,"Artes visuais"
02,"História da arte"
02,"Fabricação de instrumentos musicais não industrial"
02,"Artes cênicas"
02,"Dança"
02,"Música"
02,"Teatro"
02,"Ciências da religião"
02,"Teologia"
02,"Arqueologia"
02,"Conservação e restauro"
02,"História"
02,"Filosofia"
02,"Letras alemão"
02,"Letras escrita criativa"
02,"Letras espanhol"
02,"Letras francês"
02,"Letras inglês"
02,"Letras italiano"
02,"Letras japonês"
02,"Letras língua brasileira de sinais"
02,"Letras línguas estrangeiras clássicas"
02,"Letras linguística"
02,"Letras outras línguas estrangeiras modernas"
02,"Letras português"
02,"Letras português alemão"
02,"Letras português espanhol"
02,"Letras português francês"
02,"Letras português inglês"
02,"Letras português italiano"
02,"Letras português japonês"
02,"Letras português língua brasileira de sinais"
02,"Letras português línguas estrangeiras clássicas"
02,"Letras português outras línguas estrangeiras modernas"
02,"Letras tradutor e intérprete"
02,"Programas interdisciplinares abrangendo artes e humanidades"
03,"Economia"
03,"Antropologia"
03,"Ciência política"
03,"Ciências sociais"
03,"Geografia"
03,"Relações internacionais"
03,"Sociologia"
03,"Psicologia"
03,"Comunicação social"
03,"Jornalismo"
03,"Produção editorial"
03,""Rádio, TV e internet""
03,"Arquivologia"
03,"Biblioteconomia"
03,"Gestão da informação"
03,"Museologia"
03,""Programas interdisciplinares abrangendo ciências sociais, comunicação e informação""
04,"Contabilidade"
04,"Gestão financeira"
04,"Seguros"
04,"Administração"
04,"Administração pública"
04,"Comércio exterior"
04,"Empreendedorismo"
04,"Gestão da produção"
04,"Gestão da qualidade"
04,"Gestão da saúde"
04,"Gestão de cooperativas"
04,"Gestão de negócios"
04,"Gestão de negócios internacionais"
04,"Gestão de pessoas"
04,"Gestão de serviços"
04,"Gestão do agronegócio"
04,"Gestão estratégica"
04,"Gestão hospitalar"
04,"Gestão pública"
04,"Logística"
04,"Marketing"
04,"Publicidade e propaganda"
04,"Relações públicas"
04,"Secretariado"
04,"Gestão comercial"
04,"Negócios imobiliários"
04,"Direito"
04,"Serviços jurídicos e cartoriais"
04,""Programas interdisciplinares abrangendo negócios, administração e direito""
05,"Biologia"
05,"Bioquímica"
05,"Biotecnologia"
05,"Toxicologia"
05,"Ciências ambientais"
05,"Ecologia"
05,"Química"
05,"Química industrial e tecnológica"
05,"Geofísica"
05,"Geologia"
05,"Geoprocessamento"
05,"Meteorologia"
05,"Oceanografia"
05,"Astronomia"
05,"Física"
05,"Física aplicada"
05,"Física médica"
05,"Matemática"
05,"Matemática aplicada e computacional"
05,"Ciências atuariais"
05,"Estatística"
05,""Programas interdisciplinares abrangendo ciências naturais, matemática e estatística""
06,"Banco de dados"
06,"Defesa cibernética"
06,"Gestão da tecnologia da informação"
06,"Redes de computadores"
06,"Engenharia de software"
06,"Jogos digitais"
06,"Ciência da computação"
06,"Segurança da informação"
06,"Sistemas de informação"
06,"Sistemas para internet"
06,"Engenharia de computação (DCN Computação)"
06,"Sistemas embarcados"
06,"Programas interdisciplinares abrangendo computação e Tecnologias da Informação e Comunicação (TIC)"
07,"Engenharia"
07,"Biocombustíveis"
07,"Engenharia bioquímica"
07,"Engenharia de bioprocessos"
07,"Engenharia de biotecnologia"
07,"Engenharia de nanotecnologia"
07,"Engenharia química"
07,"Engenharia ambiental"
07,"Engenharia ambiental e sanitária"
07,"Gestão ambiental"
07,"Gestão de resíduos"
07,"Saneamento ambiental"
07,"Eletrotécnica industrial"
07,"Energias renováveis"
07,"Engenharia bioenergética"
07,"Engenharia de energia"
07,"Engenharia elétrica"
07,"Engenharia nuclear"
07,"Refrigeração e climatização"
07,"Sistemas elétricos"
07,"Automação industrial"
07,"Eletrônica industrial"
07,"Engenharia acústica"
07,"Engenharia biomédica"
07,"Engenharia de computação (DCN Engenharia)"
07,"Engenharia de controle e automação"
07,"Engenharia de informação"
07,"Engenharia de telecomunicações"
07,"Engenharia eletrônica"
07,"Engenharia mecatrônica"
07,"Gestão de telecomunicações"
07,"Mecatrônica industrial"
07,"Redes de telecomunicações"
07,"Sistemas biomédicos"
07,"Sistemas de telecomunicações"
07,"Telemática"
07,"Engenharia física"
07,"Engenharia mecânica"
07,"Engenharia metalúrgica"
07,"Fabricação mecânica"
07,"Manutenção industrial"
07,"Mecânica de precisão"
07,"Processos metalúrgicos"
07,"Soldagem"
07,"Aeroespacial"
07,"Construção naval"
07,"Engenharia aeroespacial"
07,"Engenharia aeronáutica"
07,"Engenharia automotiva"
07,"Engenharia ferroviária e metroviária"
07,"Engenharia naval"
07,"Manutenção de aeronaves"
07,"Sistemas automotivos"
07,"Sistemas de navegação fluvial"
07,"Alimentos"
07,"Engenharia de alimentos"
07,"Laticínios"
07,"Processamento de carnes"
07,"Produção de cachaça"
07,"Produção sucroalcooleira"
07,"Produção de cerveja"
07,"Cerâmica"
07,"Ciências dos materiais"
07,"Engenharia de materiais"
07,"Papel e celulose"
07,"Polímeros"
07,"Produção joalheira"
07,"Produção moveleira"
07,"Engenharia têxtil"
07,"Produção de vestuário"
07,"Produção têxtil"
07,"Engenharia de minas"
07,"Engenharia de petróleo"
07,"Engenharia geológica"
07,"Mineração"
07,"Petróleo e gás"
07,"Rochas ornamentais"
07,"Engenharia de manufatura"
07,"Engenharia de produção"
07,"Engenharia industrial"
07,"Produção gráfica"
07,"Produção industrial"
07,"Agrimensura"
07,"Arquitetura e urbanismo"
07,"Engenharia cartográfica"
07,"Engenharia de agrimensura"
07,"Engenharia de agrimensura e cartográfica"
07,"Construção de edifícios"
07,"Controle de obras"
07,"Engenharia civil"
07,"Engenharia de recursos hídricos"
07,"Engenharia de transportes"
07,"Engenharia portuária"
07,"Estradas"
07,"Gestão de recursos hídricos"
07,"Material de construção"
07,""Programas interdisciplinares abrangendo engenharia, produção e construção""
08,"Agroecologia"
08,"Agroindústria"
08,"Agronegócio"
08,"Agronomia"
08,"Agropecuária"
08,"Cafeicultura"
08,"Engenharia agrícola"
08,"Engenharia de biossistemas"
08,"Fruticultura"
08,"Irrigação e drenagem"
08,"Manejo da produção agrícola"
08,"Viticultura e enologia"
08,"Zootecnia"
08,"Horticultura"
08,"Engenharia florestal"
08,"Silvicultura"
08,"Aquicultura"
08,"Engenharia de pesca"
08,"Produção pesqueira"
08,"Medicina veterinária"
08,""Programas interdisciplinares abrangendo agricultura, silvicultura, pesca e veterinária""
09,"Odontologia"
09,"Medicina"
09,"Enfermagem"
09,"Análises clínicas e toxicológicas"
09,"Biomedicina"
09,"Oftálmica"
09,"Optometria"
09,"Prótese e órtese"
09,"Radiologia"
09,"Educação física"
09,"Fisioterapia"
09,"Fonoaudiologia"
09,"Nutrição"
09,"Podologia"
09,"Terapia ocupacional"
09,"Farmácia"
09,"Musicoterapia"
09,"Práticas integrativas"
09,"Saúde coletiva"
09,"Saúde pública"
09,"Assistência a idosos e a deficientes"
09,"Gerontologia"
09,"Serviço social"
09,"Programas interdisciplinares abrangendo saúde e bem-estar"
10,"Economia doméstica"
10,"Estética e cosmética"
10,"Gastronomia"
10,"Formação de técnicos e treinadores esportivos"
10,"Gestão desportiva e de lazer"
10,"Eventos"
10,"Hotelaria"
10,"Turismo"
10,"Segurança no trabalho"
10,"Ciências militares"
10,"Investigação e perícia"
10,"Segurança no trânsito"
10,"Segurança privada"
10,"Segurança pública"
10,"Serviços penais"
10,"Ciências aeronáuticas"
10,"Gestão portuária"
10,"Transporte aéreo"
10,"Transporte terrestre"
10,"Programas interdisciplinares abrangendo serviços"
11,"Outros cursos de graduação não especificados em outras áreas"